Text,Case_Folding,Cleaning_Text,Normalisasi_Text,Formalisasi_Text,Remove_Text,Stemming_Text,Tokenize_Text,Processed_Text,Polarity Score,Labels
"Tapi cewe cewe lesbi yang pernah aku temui kenapa orangnya nyebelin semua ya... Mulutnya jahat jahat .. problematik gitu, tp yg cowo kek besti cewe..","tapi cewe cewe lesbi yang pernah aku temui kenapa orangnya nyebelin semua ya... mulutnya jahat jahat .. problematik gitu, tp yg cowo kek besti cewe..",tapi cewe cewe lesbi yang pernah aku temui kenapa orangnya nyebelin semua ya mulutnya jahat jahat problematik gitu tp yg cowo kek besti cewe,tapi cewek  cewek  lesbi yang pernah saya temui kenapa orangnya menyebalkan  semua ya mulutnya jahat jahat problematik begitu  tapi yang  cowok  kek besti cewek ,tapi cewek cewek lesbi yang pernah saya temui kenapa orangnya menyebalkan semua ya mulutnya jahat jahat problematik begitu tapi yang cowok seperti; besti cewek,cewek cewek lesbi temui orangnya menyebalkan ya mulutnya jahat jahat problematik cowok seperti; besti cewek,cewek cewek lesbi temu orang sebal ya mulut jahat jahat problematik cowok seperti besti cewek,"['cewek', 'cewek', 'lesbi', 'temu', 'orang', 'sebal', 'ya', 'mulut', 'jahat', 'jahat', 'problematik', 'cowok', 'seperti', 'besti', 'cewek']",cewek cewek lesbi temu orang sebal ya mulut jahat jahat problematik cowok seperti besti cewek,-4,Negative
"Himejoshi = org2 yg suka sm hal yg berbau yuri, gl, shojou ai WAAAAH cewek lesbi?????? 
Jesse = nama Sy.
KLIMIS = emg knp Kalo Rmbut gw klimis????
Pookie = imud + maxxing sy akan mnjd pemuda imud maxxximal
de Kofflinqué adlh marga jefunk ternama","himejoshi = org2 yg suka sm hal yg berbau yuri, gl, shojou ai waaaah cewek lesbi?????? 
jesse = nama sy.
klimis = emg knp kalo rmbut gw klimis????
pookie = imud + maxxing sy akan mnjd pemuda imud maxxximal
de kofflinqué adlh marga jefunk ternama",himejoshi org yg suka sm hal yg berbau yuri gl shojou ai waaaah cewek lesbi jesse nama syklimis emg knp kalo rmbut gw klimispookie imud maxxing sy akan mnjd pemuda imud maxxximalde kofflinqu adlh marga jefunk ternama,himejoshi orang yang  suka sama  hal yang  berbau yuri gl shojou ai waaaah cewek lesbi jesse nama syklimis memang kenapa kalau  rmbut saya klimispookie imud maxxing saya  akan mnjd pemuda imud maxxximalde kofflinqu adalah  marga jefunk ternama,himejoshi orang yang suka sama hal yang berbau yuri gl shojou ai waaaah cewek lesbi jesse nama syklimis memang kenapa kalau rmbut saya klimispookie imud maxxing saya akan mnjd pemuda imud maxxximalde kofflinqu adalah marga jefunk ternama,himejoshi orang suka berbau yuri gl shojou ai waaaah cewek lesbi jesse nama syklimis rmbut klimispookie imud maxxing mnjd pemuda imud maxxximalde kofflinqu marga jefunk ternama,himejoshi orang suka bau yuri gl shojou ai waaaah cewek lesbi jesse nama syklimis rmbut klimispookie imud maxxing mnjd pemuda imud maxxximalde kofflinqu marga jefunk nama,"['himejoshi', 'orang', 'suka', 'bau', 'yuri', 'gl', 'shojou', 'ai', 'waaaah', 'cewek', 'lesbi', 'jesse', 'nama', 'syklimis', 'rmbut', 'klimispookie', 'imud', 'maxxing', 'mnjd', 'pemuda', 'imud', 'maxxximalde', 'kofflinqu', 'marga', 'jefunk', 'nama']",himejoshi orang suka bau yuri gl shojou ai waaaah cewek lesbi jesse nama syklimis rmbut klimispookie imud maxxing mnjd pemuda imud maxxximalde kofflinqu marga jefunk nama,1,Positive
"@estechmanies
 mas ada baiknya mau gsh dikasih tau ws tanda” mw lesbi ini maasss","@estechmanies
 mas ada baiknya mau gsh dikasih tau ws tanda” mw lesbi ini maasss",mas ada baiknya mau gsh dikasih tau ws tanda mw lesbi ini maasss,mas ada baiknya mau gsh dikasih tahu ws tanda mau lesbi ini maasss,mas ada baiknya mau gsh dikasih tahu ws tanda mau lesbi ini maasss,baiknya gsh dikasih tanda lesbi maasss,baik gsh kasih tanda lesbi maasss,"['baik', 'gsh', 'kasih', 'tanda', 'lesbi', 'maasss']",baik gsh kasih tanda lesbi maasss,3,Positive
"lu kira gue lesbi juga apa,,,","lu kira gue lesbi juga apa,,,",lu kira gue lesbi juga apa,kamu kira saya lesbi juga apa,kamu kira saya lesbi juga apa,lesbi,lesbi,['lesbi'],lesbi,0,Neutral
ANJNG KALO LESBI AJA MINTA SARAN KE GUE,anjng kalo lesbi aja minta saran ke gue,anjng kalo lesbi aja minta saran ke gue,anjng kalau  lesbi saja  minta saran ke saya,anjng kalau lesbi saja minta saran ke saya,anjng lesbi saran,anjng lesbi saran,"['anjng', 'lesbi', 'saran']",anjng lesbi saran,2,Positive
Itu lesbi bgt jir padahal ,itu lesbi bgt jir padahal,itu lesbi bgt jir padahal,itu lesbi sangat  jir padahal,itu lesbi sangat jir padahal,lesbi jir,lesbi jir,"['lesbi', 'jir']",lesbi jir,-3,Negative
"Yauda terusin lesbi sana, penyepong kapal delshel","yauda terusin lesbi sana, penyepong kapal delshel",yauda terusin lesbi sana penyepong kapal delshel,yauda terusin lesbi sana penyepong kapal delshel,yauda terusin lesbi sana penyepong kapal delshel,yauda terusin lesbi penyepong kapal delshel,yauda terusin lesbi penyepong kapal delshel,"['yauda', 'terusin', 'lesbi', 'penyepong', 'kapal', 'delshel']",yauda terusin lesbi penyepong kapal delshel,-7,Negative
Gpp alhamdulillah emang gak boleh lesbi,gpp alhamdulillah emang gak boleh lesbi,gpp alhamdulillah emang gak boleh lesbi,tidak apa apa alhamdulillah memang  tidak boleh lesbi,tidak apa apa alhamdulillah memang tidak boleh lesbi,alhamdulillah lesbi,alhamdulillah lesbi,"['alhamdulillah', 'lesbi']",alhamdulillah lesbi,5,Positive
"Masalah beginian aja jadi panjang. 
Mau mereka punya cowok, lesbi dll ya bodo amat tinggal jadi fans yg nganggep mereka itu penghibur doang aja kan beres. Dateng ke acara & event niatnya kumpul"" Bareng temen sambil nikmatin lagu"" Yg di bawain. Lagian soal yg abisin duit ke","masalah beginian aja jadi panjang. 
mau mereka punya cowok, lesbi dll ya bodo amat tinggal jadi fans yg nganggep mereka itu penghibur doang aja kan beres. dateng ke acara & event niatnya kumpul"" bareng temen sambil nikmatin lagu"" yg di bawain. lagian soal yg abisin duit ke",masalah beginian aja jadi panjang mau mereka punya cowok lesbi dll ya bodo amat tinggal jadi fans yg nganggep mereka itu penghibur doang aja kan beres dateng ke acara event niatnya kumpul bareng temen sambil nikmatin lagu yg di bawain lagian soal yg abisin duit ke,masalah beginian saja  jadi panjang mau mereka punya cowok lesbi dan lain ya bodo amat tinggal jadi fans yang  nganggep mereka itu penghibur saja  saja  kan beres datang  ke acara event niatnya kumpul bareng teman  sambil nikmatin lagu yang  di bawain lagi  soal yang  abisin duit ke,masalah beginian saja jadi panjang mau mereka punya cowok lesbi dan lain ya bodo amat tinggal jadi fans yang nganggep mereka itu penghibur saja saja kan beres datang ke acara event niatnya kumpul bareng teman sambil nikmatin lagu yang di bawain lagi soal yang abisin duit ke,cowok lesbi ya bodo tinggal fans nganggep penghibur beres acara event niatnya kumpul bareng teman nikmatin lagu bawain abisin duit,cowok lesbi ya bodo tinggal fans nganggep hibur beres acara event niat kumpul bareng teman nikmatin lagu bawain abisin duit,"['cowok', 'lesbi', 'ya', 'bodo', 'tinggal', 'fans', 'nganggep', 'hibur', 'beres', 'acara', 'event', 'niat', 'kumpul', 'bareng', 'teman', 'nikmatin', 'lagu', 'bawain', 'abisin', 'duit']",cowok lesbi ya bodo tinggal fans nganggep hibur beres acara event niat kumpul bareng teman nikmatin lagu bawain abisin duit,4,Positive
Ekhm ekhm mau lesbi sama aku?,ekhm ekhm mau lesbi sama aku?,ekhm ekhm mau lesbi sama aku,ekhm ekhm mau lesbi sama saya,ekhm ekhm mau lesbi sama saya,ekhm ekhm lesbi,ekhm ekhm lesbi,"['ekhm', 'ekhm', 'lesbi']",ekhm ekhm lesbi,0,Neutral
Bjirr skrg bs pura2 lesbi,bjirr skrg bs pura2 lesbi,bjirr skrg bs pura lesbi,bjirr sekarang  bisa pura lesbi,bjirr sekarang bisa pura lesbi,bjirr pura lesbi,bjirr pura lesbi,"['bjirr', 'pura', 'lesbi']",bjirr pura lesbi,0,Neutral
"BISABISANYA LOWONGAN LESBI,,, bleh open 24 jam yh","bisabisanya lowongan lesbi,,, bleh open 24 jam yh",bisabisanya lowongan lesbi bleh open jam yh,bisabisanya lowongan lesbi bleh open jam yh,bisabisanya lowongan lesbi bleh open jam yh,bisabisanya lowongan lesbi bleh open yh,bisabisanya lowong lesbi bleh open yh,"['bisabisanya', 'lowong', 'lesbi', 'bleh', 'open', 'yh']",bisabisanya lowong lesbi bleh open yh,-3,Negative
Lesbi buat sampingan,lesbi buat sampingan,lesbi buat sampingan,lesbi buat sampingan,lesbi untuk; sampingan,lesbi untuk; sampingan,lesbi untuk samping,"['lesbi', 'untuk', 'samping']",lesbi untuk samping,-4,Negative
km buka lowongan lesbi gak bun,km buka lowongan lesbi gak bun,km buka lowongan lesbi gak bun,kamu buka lowongan lesbi tidak bun,kamu buka lowongan lesbi tidak bun,buka lowongan lesbi bun,buka lowong lesbi bun,"['buka', 'lowong', 'lesbi', 'bun']",buka lowong lesbi bun,3,Positive
"apalagi sama cewe cantik kan?
bukan lesbi tapi kayak ?????","apalagi sama cewe cantik kan?
bukan lesbi tapi kayak ?????",apalagi sama cewe cantik kanbukan lesbi tapi kayak,apalagi sama cewek  cantik kanbukan lesbi tapi mirip ,apalagi sama cewek cantik kanbukan lesbi tapi mirip,cewek cantik kanbukan lesbi,cewek cantik kanbukan lesbi,"['cewek', 'cantik', 'kanbukan', 'lesbi']",cewek cantik kanbukan lesbi,2,Positive
aku lesbi pro max 2 TB,aku lesbi pro max 2 tb,aku lesbi pro max tb,saya lesbi pro max tb,saya lesbi pro max tb,lesbi tb,lesbi tb,"['lesbi', 'tb']",lesbi tb,0,Neutral
duh duh udah bener gimmick lesbi aja njing malah jajan ovaltine sama mie dobel telor di warkop,duh duh udah bener gimmick lesbi aja njing malah jajan ovaltine sama mie dobel telor di warkop,duh duh udah bener gimmick lesbi aja njing malah jajan ovaltine sama mie dobel telor di warkop,duh duh sudah benar  gimmick lesbi saja  njing malah jajan ovaltine sama mie dobel telur  di warkop,duh duh sudah benar gimmick lesbi saja njing malah jajan ovaltine sama mie dobel telur di warkop,gimmick lesbi njing jajan ovaltine mie dobel telur warkop,gimmick lesbi njing jajan ovaltine mie dobel telur warkop,"['gimmick', 'lesbi', 'njing', 'jajan', 'ovaltine', 'mie', 'dobel', 'telur', 'warkop']",gimmick lesbi njing jajan ovaltine mie dobel telur warkop,-3,Negative
"disclaimer ini self-realization pribadiku ya, bukan berarti yang mau pisah kamar sama suami/istrinya berarti sebenernya gay  ngga cuma ini, aku juga punya moment-moment lain serupa yang lagi dan lagi ngeyakinin aku kalo aku sebenernya lesbi cuma belum sepenuhnya nerima aja","disclaimer ini self-realization pribadiku ya, bukan berarti yang mau pisah kamar sama suami/istrinya berarti sebenernya gay  ngga cuma ini, aku juga punya moment-moment lain serupa yang lagi dan lagi ngeyakinin aku kalo aku sebenernya lesbi cuma belum sepenuhnya nerima aja",disclaimer ini selfrealization pribadiku ya bukan berarti yang mau pisah kamar sama suamiistrinya berarti sebenernya gay ngga cuma ini aku juga punya momentmoment lain serupa yang lagi dan lagi ngeyakinin aku kalo aku sebenernya lesbi cuma belum sepenuhnya nerima aja,disclaimer ini selfrealization pribadiku ya bukan berarti yang mau pisah kamar sama suamiistrinya berarti sebenarnya  gay tidak cuma ini saya juga punya momentmoment lain serupa yang lagi dan lagi ngeyakinin saya kalau  saya sebenarnya  lesbi cuma belum sepenuhnya nerima saja ,disclaimer ini selfrealization pribadiku ya bukan berarti yang mau pisah kamar sama suamiistrinya berarti sebenarnya gay tidak cuma ini saya juga punya momentmoment lain serupa yang lagi dan lagi ngeyakinin saya kalau saya sebenarnya lesbi cuma belum sepenuhnya nerima saja,disclaimer selfrealization pribadiku ya pisah kamar suamiistrinya gay momentmoment ngeyakinin lesbi sepenuhnya nerima,disclaimer selfrealization pribadi ya pisah kamar suamiistrinya gay momentmoment ngeyakinin lesbi sepenuh nerima,"['disclaimer', 'selfrealization', 'pribadi', 'ya', 'pisah', 'kamar', 'suamiistrinya', 'gay', 'momentmoment', 'ngeyakinin', 'lesbi', 'sepenuh', 'nerima']",disclaimer selfrealization pribadi ya pisah kamar suamiistrinya gay momentmoment ngeyakinin lesbi sepenuh nerima,1,Positive
Lesbi fans delshel kebanyakan kopal kapal gajelas,lesbi fans delshel kebanyakan kopal kapal gajelas,lesbi fans delshel kebanyakan kopal kapal gajelas,lesbi fans delshel kebanyakan kopal kapal tidak jelas,lesbi fans delshel kebanyakan kopal kapal tidak jelas,lesbi fans delshel kebanyakan kopal kapal,lesbi fans delshel banyak kopal kapal,"['lesbi', 'fans', 'delshel', 'banyak', 'kopal', 'kapal']",lesbi fans delshel banyak kopal kapal,2,Positive
wow iykah?? trus yg waktu itu ke kopisyop sph yhh? yg minggu kmrin ntu? bkn nyah sm km yah cepak lesbi ?? ak nanya cius yh ,wow iykah?? trus yg waktu itu ke kopisyop sph yhh? yg minggu kmrin ntu? bkn nyah sm km yah cepak lesbi ?? ak nanya cius yh,wow iykah trus yg waktu itu ke kopisyop sph yhh yg minggu kmrin ntu bkn nyah sm km yah cepak lesbi ak nanya cius yh,wow iykah terus  yang  waktu itu ke kopisyop sph yhh yang  minggu kemarin  itu  bukan nyah sama  kamu yah cepak lesbi saya  tanya  cius yh,wow iykah terus yang waktu itu ke kopisyop sph yhh yang minggu kemarin itu bukan nyah sama kamu yah cepak lesbi saya tanya cius yh,iykah kopisyop sph yhh minggu kemarin nyah cepak lesbi cius yh,iykah kopisyop sph yhh minggu kemarin nyah cepak lesbi cius yh,"['iykah', 'kopisyop', 'sph', 'yhh', 'minggu', 'kemarin', 'nyah', 'cepak', 'lesbi', 'cius', 'yh']",iykah kopisyop sph yhh minggu kemarin nyah cepak lesbi cius yh,0,Neutral
YANG LESBI SIAPA NJING ??,yang lesbi siapa njing ??,yang lesbi siapa njing,yang lesbi siapa njing,yang lesbi siapa njing,lesbi njing,lesbi njing,"['lesbi', 'njing']",lesbi njing,0,Neutral
"Maksut ketikan lo apa? 2 bulan itu lama ya anjing, udh gada sts masih aja lo gaterima 

Bacot lesbi","maksut ketikan lo apa? 2 bulan itu lama ya anjing, udh gada sts masih aja lo gaterima 

bacot lesbi",maksut ketikan lo apa bulan itu lama ya anjing udh gada sts masih aja lo gaterima bacot lesbi,maksut ketikan kamu apa bulan itu lama ya anjing sudah tidak ada sts masih saja  kamu gaterima bacot lesbi,maksut ketikan kamu apa bulan itu lama ya anjing sudah tidak ada sts masih saja kamu gaterima bacot lesbi,maksut ketikan ya anjing sts gaterima bacot lesbi,maksut keti ya anjing sts gaterima bacot lesbi,"['maksut', 'keti', 'ya', 'anjing', 'sts', 'gaterima', 'bacot', 'lesbi']",maksut keti ya anjing sts gaterima bacot lesbi,3,Positive
Yeri mau ngga ya sama lesbi pengangguran modal bisa ngomong saranghae doang,yeri mau ngga ya sama lesbi pengangguran modal bisa ngomong saranghae doang,yeri mau ngga ya sama lesbi pengangguran modal bisa ngomong saranghae doang,yeri mau tidak ya sama lesbi pengangguran modal bisa bicara  saranghae saja ,yeri mau tidak ya sama lesbi pengangguran modal bisa bicara saranghae saja,yeri ya lesbi pengangguran modal bicara saranghae,yeri ya lesbi anggur modal bicara saranghae,"['yeri', 'ya', 'lesbi', 'anggur', 'modal', 'bicara', 'saranghae']",yeri ya lesbi anggur modal bicara saranghae,2,Positive
apa ak bohong klo ak lesbi yh,apa ak bohong klo ak lesbi yh,apa ak bohong klo ak lesbi yh,apa saya  bohong kalau saya  lesbi yh,apa saya bohong kalau saya lesbi yh,bohong lesbi yh,bohong lesbi yh,"['bohong', 'lesbi', 'yh']",bohong lesbi yh,-5,Negative
OH UDAH LESBI,oh udah lesbi,oh udah lesbi,oh sudah lesbi,oh sudah lesbi,lesbi,lesbi,['lesbi'],lesbi,0,Neutral
"udah reply di QRT tapi repost di sini to reach bigger audience: kalo kalian relate sama ini, kalian bisa coba baca ""am i a lesbian?"" masterdoc, di sana bahas gimana banyak dari kita cenderung denial kita gay/lesbi karena heteronorma
tivitas dan/atau internalized homophobia","udah reply di qrt tapi repost di sini to reach bigger audience: kalo kalian relate sama ini, kalian bisa coba baca ""am i a lesbian?"" masterdoc, di sana bahas gimana banyak dari kita cenderung denial kita gay/lesbi karena heteronorma
tivitas dan/atau internalized homophobia",udah reply di qrt tapi repost di sini to reach bigger audience kalo kalian relate sama ini kalian bisa coba baca am i a lesbian masterdoc di sana bahas gimana banyak dari kita cenderung denial kita gaylesbi karena heteronormativitas danatau internalized homophobia,sudah reply di qrt tapi repost di sini to reach bigger audience kalau  kalian relate sama ini kalian bisa coba baca am i a lesbian masterdoc di sana bahas gimana banyak dari kita cenderung denial kita gaylesbi karena heteronormativitas danatau internalized homophobia,sudah reply di qrt tapi repost di sini to reach bigger audience kalau kalian relate sama ini kalian bisa coba baca am i a lesbian masterdoc di sana bahas gimana banyak dari kita cenderung denial kita gaylesbi karena heteronormativitas danatau internalized homophobia,reply qrt repost reach bigger audience relate coba baca am lesbian masterdoc bahas gimana cenderung denial gaylesbi heteronormativitas danatau internalized homophobia,reply qrt repost reach bigger audience relate coba baca am lesbian masterdoc bahas gimana cenderung denial gaylesbi heteronormativitas danatau internalized homophobia,"['reply', 'qrt', 'repost', 'reach', 'bigger', 'audience', 'relate', 'coba', 'baca', 'am', 'lesbian', 'masterdoc', 'bahas', 'gimana', 'cenderung', 'denial', 'gaylesbi', 'heteronormativitas', 'danatau', 'internalized', 'homophobia']",reply qrt repost reach bigger audience relate coba baca am lesbian masterdoc bahas gimana cenderung denial gaylesbi heteronormativitas danatau internalized homophobia,7,Positive
"menurutku sih, engga usah melebeli?, kek ya yaudah, kamu suka cewe maupun cowo ya sukain aja?, maksudnya ngapain pusing pusing kamu mikir, kamu lesbi, kamu bi, kamu apalah itu, ya kek yaudah kamu lagi suka cewe ya oke, kamu lagi suka cowo ya oke, di bawa santai aja","menurutku sih, engga usah melebeli?, kek ya yaudah, kamu suka cewe maupun cowo ya sukain aja?, maksudnya ngapain pusing pusing kamu mikir, kamu lesbi, kamu bi, kamu apalah itu, ya kek yaudah kamu lagi suka cewe ya oke, kamu lagi suka cowo ya oke, di bawa santai aja",menurutku sih engga usah melebeli kek ya yaudah kamu suka cewe maupun cowo ya sukain aja maksudnya ngapain pusing pusing kamu mikir kamu lesbi kamu bi kamu apalah itu ya kek yaudah kamu lagi suka cewe ya oke kamu lagi suka cowo ya oke di bawa santai aja,menurutku sih tidak  usah melebeli kek ya yaudah kamu suka cewek  maupun cowok  ya sukain saja  maksudnya ngapain pusing pusing kamu mikir kamu lesbi kamu bi kamu apalah itu ya kek yaudah kamu lagi suka cewek  ya oke kamu lagi suka cowok  ya oke di bawa santai saja ,menurutku sih tidak usah melebeli seperti; ya yaudah kamu suka cewek maupun cowok ya sukain saja maksudnya ngapain pusing pusing kamu mikir kamu lesbi kamu bi kamu apalah itu ya seperti; yaudah kamu lagi suka cewek ya oke kamu lagi suka cowok ya oke di bawa santai saja,menurutku melebeli seperti; ya yaudah suka cewek cowok ya sukain maksudnya ngapain pusing pusing mikir lesbi bi apalah ya seperti; yaudah suka cewek ya suka cowok ya bawa santai,turut melebeli seperti ya yaudah suka cewek cowok ya sukain maksud ngapain pusing pusing mikir lesbi bi apa ya seperti yaudah suka cewek ya suka cowok ya bawa santai,"['turut', 'melebeli', 'seperti', 'ya', 'yaudah', 'suka', 'cewek', 'cowok', 'ya', 'sukain', 'maksud', 'ngapain', 'pusing', 'pusing', 'mikir', 'lesbi', 'bi', 'apa', 'ya', 'seperti', 'yaudah', 'suka', 'cewek', 'ya', 'suka', 'cowok', 'ya', 'bawa', 'santai']",turut melebeli seperti ya yaudah suka cewek cowok ya sukain maksud ngapain pusing pusing mikir lesbi bi apa ya seperti yaudah suka cewek ya suka cowok ya bawa santai,23,Positive
msh lesbi gak,msh lesbi gak,msh lesbi gak,masih  lesbi tidak,masih lesbi tidak,lesbi,lesbi,['lesbi'],lesbi,0,Neutral
INILAH BENTUKAN PACAR LESBI KU,inilah bentukan pacar lesbi ku,inilah bentukan pacar lesbi ku,inilah bentukan pacar lesbi ku,inilah bentukan pacar lesbi ku,bentukan pacar lesbi,bentuk pacar lesbi,"['bentuk', 'pacar', 'lesbi']",bentuk pacar lesbi,6,Positive
mematahkan juga bahwa ga semua cwk tomboy itu lesbi,mematahkan juga bahwa ga semua cwk tomboy itu lesbi,mematahkan juga bahwa ga semua cwk tomboy itu lesbi,mematahkan juga bahwa tidak semua cwk tomboy itu lesbi,mematahkan juga bahwa tidak semua cwk tomboy itu lesbi,mematahkan cwk tomboy lesbi,patah cwk tomboy lesbi,"['patah', 'cwk', 'tomboy', 'lesbi']",patah cwk tomboy lesbi,-4,Negative
Buat grup lesbi,buat grup lesbi,buat grup lesbi,buat grup lesbi,untuk; grup lesbi,untuk; grup lesbi,untuk grup lesbi,"['untuk', 'grup', 'lesbi']",untuk grup lesbi,-4,Negative
Jangan² kamu yang lesbi ya an ,jangan² kamu yang lesbi ya an,jangan kamu yang lesbi ya an,jangan kamu yang lesbi ya an,jangan kamu yang lesbi ya an,lesbi ya,lesbi ya,"['lesbi', 'ya']",lesbi ya,4,Positive
Nyoba lesbi? Tidaaaaaakkkkk ,nyoba lesbi? tidaaaaaakkkkk,nyoba lesbi tidaaaaaakkkkk,coba  lesbi tidaaaaaakkkkk,coba lesbi tidaaaaaakkkkk,coba lesbi tidaaaaaakkkkk,coba lesbi tidaaaaaakkkkk,"['coba', 'lesbi', 'tidaaaaaakkkkk']",coba lesbi tidaaaaaakkkkk,2,Positive
"emang dm ku tak buka khusus cewe an, tapi aku ngga lesbi yaa ","emang dm ku tak buka khusus cewe an, tapi aku ngga lesbi yaa",emang dm ku tak buka khusus cewe an tapi aku ngga lesbi yaa,memang  dm ku tak buka khusus cewek  an tapi saya tidak lesbi ya,memang dm ku tak buka khusus cewek an tapi saya tidak lesbi ya,dm buka khusus cewek lesbi ya,dm buka khusus cewek lesbi ya,"['dm', 'buka', 'khusus', 'cewek', 'lesbi', 'ya']",dm buka khusus cewek lesbi ya,7,Positive
Ga ngaruh sih sama fansnya wkwk tinggal kirim pap sama gimmick lesbi jg udh seneng,ga ngaruh sih sama fansnya wkwk tinggal kirim pap sama gimmick lesbi jg udh seneng,ga ngaruh sih sama fansnya wkwk tinggal kirim pap sama gimmick lesbi jg udh seneng,tidak ngaruh sih sama fansnya wkwk tinggal kirim pap sama gimmick lesbi juga sudah senang ,tidak ngaruh sih sama fansnya wkwk tinggal kirim pap sama gimmick lesbi juga sudah senang,ngaruh fansnya wkwk tinggal kirim pap gimmick lesbi senang,ngaruh fansnya wkwk tinggal kirim pap gimmick lesbi senang,"['ngaruh', 'fansnya', 'wkwk', 'tinggal', 'kirim', 'pap', 'gimmick', 'lesbi', 'senang']",ngaruh fansnya wkwk tinggal kirim pap gimmick lesbi senang,8,Positive
Coba bilang ''saya lesbi kak'',coba bilang ''saya lesbi kak'',coba bilang saya lesbi kak,coba bilang saya lesbi kak,coba bilang saya lesbi kak,coba bilang lesbi,coba bilang lesbi,"['coba', 'bilang', 'lesbi']",coba bilang lesbi,2,Positive
rugi kalau gak foto lesbi sama aku,rugi kalau gak foto lesbi sama aku,rugi kalau gak foto lesbi sama aku,rugi kalau tidak foto lesbi sama saya,rugi kalau tidak foto lesbi sama saya,rugi foto lesbi,rugi foto lesbi,"['rugi', 'foto', 'lesbi']",rugi foto lesbi,-2,Negative
"sgini bnyk lesbi, mngp tdk ada yg nyantol dengan ku ","sgini bnyk lesbi, mngp tdk ada yg nyantol dengan ku",sgini bnyk lesbi mngp tdk ada yg nyantol dengan ku,segini  banyak  lesbi mngp tidak ada yang  nyantol dengan ku,segini banyak lesbi mngp tidak ada yang nyantol dengan ku,segini lesbi mngp nyantol,gin lesbi mngp nyantol,"['gin', 'lesbi', 'mngp', 'nyantol']",gin lesbi mngp nyantol,0,Neutral
Bosen berduaan mulu kayak lesbi. ,bosen berduaan mulu kayak lesbi.,bosen berduaan mulu kayak lesbi,bosan  berduaan terus  mirip  lesbi,bosan berduaan terus mirip lesbi,bosan berduaan lesbi,bosan dua lesbi,"['bosan', 'dua', 'lesbi']",bosan dua lesbi,1,Positive
Gua akan jd hantu lesbi.,gua akan jd hantu lesbi.,gua akan jd hantu lesbi,saya  akan jadi hantu lesbi,saya akan jadi hantu lesbi,hantu lesbi,hantu lesbi,"['hantu', 'lesbi']",hantu lesbi,3,Positive
JANGAN PUJI PACAR GWWWW. AARHHHHHH LESBI TOLONGGGG.,jangan puji pacar gwwww. aarhhhhhh lesbi tolongggg.,jangan puji pacar gwwww aarhhhhhh lesbi tolongggg,jangan puji pacar gwwww aarhhhhhh lesbi tolongggg,jangan puji pacar gwwww aarhhhhhh lesbi tolongggg,puji pacar gwwww aarhhhhhh lesbi tolongggg,puji pacar gwwww aarhhhhhh lesbi tolongggg,"['puji', 'pacar', 'gwwww', 'aarhhhhhh', 'lesbi', 'tolongggg']",puji pacar gwwww aarhhhhhh lesbi tolongggg,6,Positive
"iya,besok lagi datangnya ya klo mau nyari lesbi","iya,besok lagi datangnya ya klo mau nyari lesbi",iyabesok lagi datangnya ya klo mau nyari lesbi,iyabesok lagi datangnya ya kalau mau cari  lesbi,iyabesok lagi datangnya ya kalau mau cari lesbi,iyabesok datangnya ya cari lesbi,iyabesok datang ya cari lesbi,"['iyabesok', 'datang', 'ya', 'cari', 'lesbi']",iyabesok datang ya cari lesbi,3,Positive
Grup lesbi begitu bagaimana ak tidak suka ,grup lesbi begitu bagaimana ak tidak suka,grup lesbi begitu bagaimana ak tidak suka,grup lesbi begitu bagaimana saya  tidak suka,grup lesbi begitu bagaimana saya tidak suka,grup lesbi suka,grup lesbi suka,"['grup', 'lesbi', 'suka']",grup lesbi suka,-1,Negative
"Kalau butuh lesbi bookingan,chat tele langsung aja kak","kalau butuh lesbi bookingan,chat tele langsung aja kak",kalau butuh lesbi bookinganchat tele langsung aja kak,kalau butuh lesbi bookinganchat tele langsung saja  kak,kalau butuh lesbi bookinganchat tele langsung saja kak,butuh lesbi bookinganchat tele langsung,butuh lesbi bookinganchat tele langsung,"['butuh', 'lesbi', 'bookinganchat', 'tele', 'langsung']",butuh lesbi bookinganchat tele langsung,-2,Negative
Lesbi ih,lesbi ih,lesbi ih,lesbi ih,lesbi ih,lesbi ih,lesbi ih,"['lesbi', 'ih']",lesbi ih,0,Neutral
bagussss menggambarkan lesbi banget,bagussss menggambarkan lesbi banget,bagussss menggambarkan lesbi banget,bagussss menggambarkan lesbi sekali ,bagussss menggambarkan lesbi sekali,bagussss menggambarkan lesbi,bagussss gambar lesbi,"['bagussss', 'gambar', 'lesbi']",bagussss gambar lesbi,2,Positive
emang udh cocok jd lesbi kayanya,emang udh cocok jd lesbi kayanya,emang udh cocok jd lesbi kayanya,memang  sudah cocok jadi lesbi kayaknya ,memang sudah cocok jadi lesbi kayaknya,cocok lesbi kayaknya,cocok lesbi kayak,"['cocok', 'lesbi', 'kayak']",cocok lesbi kayak,1,Positive
"lesbi banget, cocok","lesbi banget, cocok",lesbi banget cocok,lesbi sekali  cocok,lesbi sekali cocok,lesbi cocok,lesbi cocok,"['lesbi', 'cocok']",lesbi cocok,4,Positive
aku boleh ikut gak (lesbi dikit),aku boleh ikut gak (lesbi dikit),aku boleh ikut gak lesbi dikit,saya boleh ikut tidak lesbi sedikit ,saya boleh ikut tidak lesbi sedikit,lesbi,lesbi,['lesbi'],lesbi,0,Neutral
ih lesbi,ih lesbi,ih lesbi,ih lesbi,ih lesbi,ih lesbi,ih lesbi,"['ih', 'lesbi']",ih lesbi,0,Neutral
"biarin aja dia, kasian dayana keciduk lesbi","biarin aja dia, kasian dayana keciduk lesbi",biarin aja dia kasian dayana keciduk lesbi,biarin saja  dia kasihan  dayana keciduk lesbi,biarin saja dia kasihan dayana keciduk lesbi,biarin kasihan dayana keciduk lesbi,biarin kasihan dayana ciduk lesbi,"['biarin', 'kasihan', 'dayana', 'ciduk', 'lesbi']",biarin kasihan dayana ciduk lesbi,1,Positive
Kapan ga lesbi emg?,kapan ga lesbi emg?,kapan ga lesbi emg,kapan tidak lesbi memang,kapan tidak lesbi memang,lesbi,lesbi,['lesbi'],lesbi,0,Neutral
WKWKWKKWKWKWK PRESIDEN LESBI,wkwkwkkwkwkwk presiden lesbi,wkwkwkkwkwkwk presiden lesbi,wkwkwkkwkwkwk presiden lesbi,wkwkwkkwkwkwk presiden lesbi,wkwkwkkwkwkwk presiden lesbi,wkwkwkkwkwkwk presiden lesbi,"['wkwkwkkwkwkwk', 'presiden', 'lesbi']",wkwkwkkwkwkwk presiden lesbi,3,Positive
ada lesbi yg lain knp gua?,ada lesbi yg lain knp gua?,ada lesbi yg lain knp gua,ada lesbi yang  lain kenapa saya ,ada lesbi yang lain kenapa saya,lesbi,lesbi,['lesbi'],lesbi,0,Neutral
Udh lesbi sange lagi,udh lesbi sange lagi,udh lesbi sange lagi,sudah lesbi sange lagi,sudah lesbi sange lagi,lesbi sange,lesbi sange,"['lesbi', 'sange']",lesbi sange,-5,Negative
"dia juga ngakak untungnya, ga tau gue lesbi","dia juga ngakak untungnya, ga tau gue lesbi",dia juga ngakak untungnya ga tau gue lesbi,dia juga terbahak-bahak  untungnya tidak tahu saya lesbi,dia juga terbahak-bahak untungnya tidak tahu saya lesbi,terbahak-bahak untungnya lesbi,bahak untung lesbi,"['bahak', 'untung', 'lesbi']",bahak untung lesbi,3,Positive
lesbi di sini  mauu temenan,lesbi di sini  mauu temenan,lesbi di sini mauu temenan,lesbi di sini mauu temenan,lesbi di sini mauu temenan,lesbi mauu temenan,lesbi mauu temenan,"['lesbi', 'mauu', 'temenan']",lesbi mauu temenan,-2,Negative
Lesbi aja yuk,lesbi aja yuk,lesbi aja yuk,lesbi saja  yuk,lesbi saja yuk,lesbi,lesbi,['lesbi'],lesbi,0,Neutral
udh saatnya purapura ga lesbi,udh saatnya purapura ga lesbi,udh saatnya purapura ga lesbi,sudah saatnya purapura tidak lesbi,sudah saatnya purapura tidak lesbi,purapura lesbi,purapura lesbi,"['purapura', 'lesbi']",purapura lesbi,0,Neutral
Liat geli.. kan sekarang juga banyak wanita lesbi ga mau nikah2 ternyata itu wanita punya penyakit lebis ga suka cowo,liat geli.. kan sekarang juga banyak wanita lesbi ga mau nikah2 ternyata itu wanita punya penyakit lebis ga suka cowo,liat geli kan sekarang juga banyak wanita lesbi ga mau nikah ternyata itu wanita punya penyakit lebis ga suka cowo,liat geli kan sekarang juga banyak wanita lesbi tidak mau nikah ternyata itu wanita punya penyakit lebis tidak suka cowok ,lihat; geli kan sekarang juga banyak wanita lesbi tidak mau nikah ternyata itu wanita punya penyakit lebis tidak suka cowok,lihat; geli wanita lesbi nikah wanita penyakit lebis suka cowok,lihat geli wanita lesbi nikah wanita sakit lebis suka cowok,"['lihat', 'geli', 'wanita', 'lesbi', 'nikah', 'wanita', 'sakit', 'lebis', 'suka', 'cowok']",lihat geli wanita lesbi nikah wanita sakit lebis suka cowok,1,Positive
"Taunya dia jga ""untungnya si piu gk tau gue lesbi"" ke lu wkwk","taunya dia jga ""untungnya si piu gk tau gue lesbi"" ke lu wkwk",taunya dia jga untungnya si piu gk tau gue lesbi ke lu wkwk,tahunya  dia juga untungnya si piu tidak tahu saya lesbi ke kamu wkwk,tahunya dia juga untungnya si piu tidak tahu saya lesbi ke kamu wkwk,tahunya untungnya piu lesbi wkwk,tahu untung piu lesbi wkwk,"['tahu', 'untung', 'piu', 'lesbi', 'wkwk']",tahu untung piu lesbi wkwk,7,Positive
Jangan2 dia penyuka sesama jenis lesbi hehehe,jangan2 dia penyuka sesama jenis lesbi hehehe,jangan dia penyuka sesama jenis lesbi hehehe,jangan dia penyuka sesama jenis lesbi hehehe,jangan dia penyuka sesama jenis lesbi hehehe,penyuka jenis lesbi hehehe,suka jenis lesbi hehehe,"['suka', 'jenis', 'lesbi', 'hehehe']",suka jenis lesbi hehehe,3,Positive
wkwkw itu malah emg lu nya yg lgi ga naksir seseorang bukan berarti lesbi aplgi lu ada ketertarikan ke lawan jenis mau itu chara 2d atau idol,wkwkw itu malah emg lu nya yg lgi ga naksir seseorang bukan berarti lesbi aplgi lu ada ketertarikan ke lawan jenis mau itu chara 2d atau idol,wkwkw itu malah emg lu nya yg lgi ga naksir seseorang bukan berarti lesbi aplgi lu ada ketertarikan ke lawan jenis mau itu chara d atau idol,wkwkw itu malah memang kamu nya yang  lagi  tidak naksir seseorang bukan berarti lesbi aplgi kamu ada ketertarikan ke lawan jenis mau itu chara d atau idol,wkwkw itu malah memang kamu nya yang lagi tidak naksir seseorang bukan berarti lesbi aplgi kamu ada ketertarikan ke lawan jenis mau itu chara d atau idol,wkwkw naksir lesbi aplgi ketertarikan lawan jenis chara idol,wkwkw naksir lesbi aplgi tari lawan jenis chara idol,"['wkwkw', 'naksir', 'lesbi', 'aplgi', 'tari', 'lawan', 'jenis', 'chara', 'idol']",wkwkw naksir lesbi aplgi tari lawan jenis chara idol,2,Positive
ini lapak khusus gay sm lesbi y kak,ini lapak khusus gay sm lesbi y kak,ini lapak khusus gay sm lesbi y kak,ini lapak khusus gay sama  lesbi y kak,ini lapak khusus gay sama lesbi y kak,lapak khusus gay lesbi y,lapak khusus gay lesbi y,"['lapak', 'khusus', 'gay', 'lesbi', 'y']",lapak khusus gay lesbi y,0,Neutral
gimmick lesbi biar gak keliatan kalo punya cowok,gimmick lesbi biar gak keliatan kalo punya cowok,gimmick lesbi biar gak keliatan kalo punya cowok,gimmick lesbi biar tidak kelihatan  kalau  punya cowok,gimmick lesbi biar tidak kelihatan kalau punya cowok,gimmick lesbi biar cowok,gimmick lesbi biar cowok,"['gimmick', 'lesbi', 'biar', 'cowok']",gimmick lesbi biar cowok,1,Positive
"mau yg lesbi mau yg homo, sama2 gw demen","mau yg lesbi mau yg homo, sama2 gw demen",mau yg lesbi mau yg homo sama gw demen,mau yang  lesbi mau yang  homo sama saya suka ,mau yang lesbi mau yang homo sama saya suka,lesbi homo suka,lesbi homo suka,"['lesbi', 'homo', 'suka']",lesbi homo suka,3,Positive
maaf aku bukan lesbi,maaf aku bukan lesbi,maaf aku bukan lesbi,maaf saya bukan lesbi,maaf saya bukan lesbi,maaf lesbi,maaf lesbi,"['maaf', 'lesbi']",maaf lesbi,2,Positive
"Ttp beda  cwo suka yuri krna itu udh kek norma yg biasa. Cwe suka yaoi krna mereka mau ngerebel dr norma yg ada. Bukan soal action cwo suka nntn lesbi & cwe suka nntn homo. Tp apa yg bkin mereka suka itu, jd penyebab knp reaksi masyarakat bisa beda.","ttp beda  cwo suka yuri krna itu udh kek norma yg biasa. cwe suka yaoi krna mereka mau ngerebel dr norma yg ada. bukan soal action cwo suka nntn lesbi & cwe suka nntn homo. tp apa yg bkin mereka suka itu, jd penyebab knp reaksi masyarakat bisa beda.",ttp beda cwo suka yuri krna itu udh kek norma yg biasa cwe suka yaoi krna mereka mau ngerebel dr norma yg ada bukan soal action cwo suka nntn lesbi cwe suka nntn homo tp apa yg bkin mereka suka itu jd penyebab knp reaksi masyarakat bisa beda,tetap  beda cowok  suka yuri karena  itu sudah kek norma yang  biasa cewek  suka yaoi karena  mereka mau ngerebel dari  norma yang  ada bukan soal action cowok  suka menonton lesbi cewek  suka menonton homo tapi apa yang  bikin  mereka suka itu jadi penyebab kenapa reaksi masyarakat bisa beda,tetap beda cowok suka yuri karena itu sudah seperti; norma yang biasa cewek suka yaoi karena mereka mau ngerebel dari norma yang ada bukan soal action cowok suka menonton lesbi cewek suka menonton homo tapi apa yang bikin mereka suka itu jadi penyebab kenapa reaksi masyarakat bisa beda,beda cowok suka yuri seperti; norma cewek suka yaoi ngerebel norma action cowok suka menonton lesbi cewek suka menonton homo bikin suka penyebab reaksi masyarakat beda,beda cowok suka yuri seperti norma cewek suka yaoi ngerebel norma action cowok suka tonton lesbi cewek suka tonton homo bikin suka sebab reaksi masyarakat beda,"['beda', 'cowok', 'suka', 'yuri', 'seperti', 'norma', 'cewek', 'suka', 'yaoi', 'ngerebel', 'norma', 'action', 'cowok', 'suka', 'tonton', 'lesbi', 'cewek', 'suka', 'tonton', 'homo', 'bikin', 'suka', 'sebab', 'reaksi', 'masyarakat', 'beda']",beda cowok suka yuri seperti norma cewek suka yaoi ngerebel norma action cowok suka tonton lesbi cewek suka tonton homo bikin suka sebab reaksi masyarakat beda,2,Positive
"kaget tapi ketawa ketawa, untungnya ga tau gue lesbi","kaget tapi ketawa ketawa, untungnya ga tau gue lesbi",kaget tapi ketawa ketawa untungnya ga tau gue lesbi,kaget tapi tertawa  tertawa  untungnya tidak tahu saya lesbi,kaget tapi tertawa tertawa untungnya tidak tahu saya lesbi,kaget tertawa tertawa untungnya lesbi,kaget tertawa tertawa untung lesbi,"['kaget', 'tertawa', 'tertawa', 'untung', 'lesbi']",kaget tertawa tertawa untung lesbi,16,Positive
"Aku suka muji mereka demi ngeboost kepercayaan diri plis, i'm not lesbi","aku suka muji mereka demi ngeboost kepercayaan diri plis, i'm not lesbi",aku suka muji mereka demi ngeboost kepercayaan diri plis im not lesbi,saya suka muji mereka demi ngeboost kepercayaan diri tolong  im not lesbi,saya suka muji mereka demi ngeboost kepercayaan diri tolong im not lesbi,suka muji ngeboost kepercayaan tolong not lesbi,suka muji ngeboost percaya tolong not lesbi,"['suka', 'muji', 'ngeboost', 'percaya', 'tolong', 'not', 'lesbi']",suka muji ngeboost percaya tolong not lesbi,10,Positive
"Temenku yg lesbi tau kalo yg disukai dia tuh straight n dia tuh sasimo(yang straight) tapi karena mungkin ya udah suka aja gtu ya, trus tambah lagi dipepet, yaudah deh pasrah aja dia karena suka","temenku yg lesbi tau kalo yg disukai dia tuh straight n dia tuh sasimo(yang straight) tapi karena mungkin ya udah suka aja gtu ya, trus tambah lagi dipepet, yaudah deh pasrah aja dia karena suka",temenku yg lesbi tau kalo yg disukai dia tuh straight n dia tuh sasimoyang straight tapi karena mungkin ya udah suka aja gtu ya trus tambah lagi dipepet yaudah deh pasrah aja dia karena suka,temenku yang  lesbi tahu kalau  yang  disukai dia tuh straight n dia tuh sasimoyang straight tapi karena mungkin ya sudah suka saja  begitu  ya terus  tambah lagi dipepet yaudah deh pasrah saja  dia karena suka,temenku yang lesbi tahu kalau yang disukai dia tuh straight n dia tuh sasimoyang straight tapi karena mungkin ya sudah suka saja begitu ya terus tambah lagi dipepet yaudah deh pasrah saja dia karena suka,temenku lesbi disukai straight sasimoyang straight ya suka ya dipepet yaudah pasrah suka,temenku lesbi suka straight sasimoyang straight ya suka ya pepet yaudah pasrah suka,"['temenku', 'lesbi', 'suka', 'straight', 'sasimoyang', 'straight', 'ya', 'suka', 'ya', 'pepet', 'yaudah', 'pasrah', 'suka']",temenku lesbi suka straight sasimoyang straight ya suka ya pepet yaudah pasrah suka,16,Positive
"Yang gua maksud itu cukup di tegasin, tanpa ba bi bu
Salah ya salah, keluar ya keluar
Gausah di undur lama-lama
Gausah di panas-panasin
Gua ngerasa iba karena ya udah terlalu jauh juga. Ini gua pribadi ya
Btw gua ga suka kopal kapal lesbi najis","yang gua maksud itu cukup di tegasin, tanpa ba bi bu
salah ya salah, keluar ya keluar
gausah di undur lama-lama
gausah di panas-panasin
gua ngerasa iba karena ya udah terlalu jauh juga. ini gua pribadi ya
btw gua ga suka kopal kapal lesbi najis",yang gua maksud itu cukup di tegasin tanpa ba bi busalah ya salah keluar ya keluargausah di undur lamalamagausah di panaspanasingua ngerasa iba karena ya udah terlalu jauh juga ini gua pribadi yabtw gua ga suka kopal kapal lesbi najis,yang saya  maksud itu cukup di tegasin tanpa ba bi busalah ya salah keluar ya keluargausah di undur lamalamagausah di panaspanasingua merasa  iba karena ya sudah terlalu jauh juga ini saya  pribadi yabtw saya  tidak suka kopal kapal lesbi najis,yang saya maksud itu cukup di tegasin tanpa ba bi busalah ya salah keluar ya keluargausah di undur lamalamagausah di panaspanasingua merasa iba karena ya sudah terlalu jauh juga ini saya pribadi yabtw saya tidak suka kopal kapal lesbi najis,maksud tegasin bi busalah ya salah ya keluargausah undur lamalamagausah panaspanasingua ya pribadi yabtw suka kopal kapal lesbi najis,maksud tegasin bi busa ya salah ya keluargausah undur lamalamagausah panaspanasingua ya pribadi yabtw suka kopal kapal lesbi najis,"['maksud', 'tegasin', 'bi', 'busa', 'ya', 'salah', 'ya', 'keluargausah', 'undur', 'lamalamagausah', 'panaspanasingua', 'ya', 'pribadi', 'yabtw', 'suka', 'kopal', 'kapal', 'lesbi', 'najis']",maksud tegasin bi busa ya salah ya keluargausah undur lamalamagausah panaspanasingua ya pribadi yabtw suka kopal kapal lesbi najis,7,Positive
BOLEH NYA GAY SAMA LESBI,boleh nya gay sama lesbi,boleh nya gay sama lesbi,boleh nya gay sama lesbi,boleh nya gay sama lesbi,gay lesbi,gay lesbi,"['gay', 'lesbi']",gay lesbi,0,Neutral
"YAKAN COOO GA BANYAK JOROKNYA cuma emg temanya aja all about s*x kayak gay lesbi dll kannnn bkn aneh""","yakan cooo ga banyak joroknya cuma emg temanya aja all about s*x kayak gay lesbi dll kannnn bkn aneh""",yakan cooo ga banyak joroknya cuma emg temanya aja all about sx kayak gay lesbi dll kannnn bkn aneh,yakan cooo tidak banyak joroknya cuma memang temanya saja  all about sx mirip  gay lesbi dan lain kannnn bukan aneh,yakan cooo tidak banyak joroknya cuma memang temanya saja all about sx mirip gay lesbi dan lain kannnn bukan aneh,yakan cooo joroknya temanya about sx gay lesbi kannnn aneh,yakan cooo jorok tema about sx gay lesbi kannnn aneh,"['yakan', 'cooo', 'jorok', 'tema', 'about', 'sx', 'gay', 'lesbi', 'kannnn', 'aneh']",yakan cooo jorok tema about sx gay lesbi kannnn aneh,-1,Negative
"karna w lesbi tp ga cakep, akan gue terima ini sbg compliment ","karna w lesbi tp ga cakep, akan gue terima ini sbg compliment",karna w lesbi tp ga cakep akan gue terima ini sbg compliment,karena  saya lesbi tapi tidak cakap  akan saya terima ini sebagai  compliment,karena saya lesbi tapi tidak cakap akan saya terima ini sebagai compliment,lesbi cakap terima compliment,lesbi cakap terima compliment,"['lesbi', 'cakap', 'terima', 'compliment']",lesbi cakap terima compliment,4,Positive
"Gw ada temen yg beneran lesbi trus dia suka sama temen gw yg straight, trus temen gw yg straight itu jahat banget njir jadi manfaatin temen gw itu","gw ada temen yg beneran lesbi trus dia suka sama temen gw yg straight, trus temen gw yg straight itu jahat banget njir jadi manfaatin temen gw itu",gw ada temen yg beneran lesbi trus dia suka sama temen gw yg straight trus temen gw yg straight itu jahat banget njir jadi manfaatin temen gw itu,saya ada teman  yang  benar  lesbi terus  dia suka sama teman  saya yang  straight terus  teman  saya yang  straight itu jahat sekali  njir jadi manfaatin teman  saya itu,saya ada teman yang benar lesbi terus dia suka sama teman saya yang straight terus teman saya yang straight itu jahat sekali njir jadi manfaatin teman saya itu,teman lesbi suka teman straight teman straight jahat njir manfaatin teman,teman lesbi suka teman straight teman straight jahat njir manfaatin teman,"['teman', 'lesbi', 'suka', 'teman', 'straight', 'teman', 'straight', 'jahat', 'njir', 'manfaatin', 'teman']",teman lesbi suka teman straight teman straight jahat njir manfaatin teman,-4,Negative
"abangnya bilang, biasanya yang cakep pada gay/lesbi...","abangnya bilang, biasanya yang cakep pada gay/lesbi...",abangnya bilang biasanya yang cakep pada gaylesbi,abangnya bilang biasanya yang cakap  pada gaylesbi,abangnya bilang biasanya yang cakap pada gaylesbi,abangnya bilang cakap gaylesbi,abang bilang cakap gaylesbi,"['abang', 'bilang', 'cakap', 'gaylesbi']",abang bilang cakap gaylesbi,2,Positive
mau lesbi sm lu yin,mau lesbi sm lu yin,mau lesbi sm lu yin,mau lesbi sama  kamu yin,mau lesbi sama kamu yin,lesbi yin,lesbi yin,"['lesbi', 'yin']",lesbi yin,0,Neutral
Gambaran lesbi ,gambaran lesbi,gambaran lesbi,gambaran lesbi,gambaran lesbi,gambaran lesbi,gambar lesbi,"['gambar', 'lesbi']",gambar lesbi,2,Positive
IKR KAYA GAGUNA BGT WOY.. hoyo ngebebasin lu berimajinasi kenapa lu ngegatekeep lagian mau dia lesbi gay straight juga ga ngubah fakta that she will stay as fictional character pls daripada ngurusin sesuatu yg jelas2 ganyata mending bebenah urusan ril lep lu ANJENGGG,ikr kaya gaguna bgt woy.. hoyo ngebebasin lu berimajinasi kenapa lu ngegatekeep lagian mau dia lesbi gay straight juga ga ngubah fakta that she will stay as fictional character pls daripada ngurusin sesuatu yg jelas2 ganyata mending bebenah urusan ril lep lu anjenggg,ikr kaya gaguna bgt woy hoyo ngebebasin lu berimajinasi kenapa lu ngegatekeep lagian mau dia lesbi gay straight juga ga ngubah fakta that she will stay as fictional character pls daripada ngurusin sesuatu yg jelas ganyata mending bebenah urusan ril lep lu anjenggg,ikr kaya gaguna sangat  woy hoyo ngebebasin kamu berimajinasi kenapa kamu ngegatekeep lagi  mau dia lesbi gay straight juga tidak ngubah fakta that she will stay as fictional character pls daripada ngurusin sesuatu yang  jelas ganyata mending bebenah urusan ril lep kamu anjenggg,ikr kaya gaguna sangat woy hoyo ngebebasin kamu berimajinasi kenapa kamu ngegatekeep lagi mau dia lesbi gay straight juga tidak ngubah fakta that she will stay as fictional character pls daripada ngurusin sesuatu yang jelas ganyata mending bebenah urusan ril lep kamu anjenggg,ikr kaya gaguna woy hoyo ngebebasin berimajinasi ngegatekeep lesbi gay straight ngubah fakta that she will stay as fictional character pls ngurusin ganyata mending bebenah urusan lep anjenggg,ikr kaya gaguna woy hoyo ngebebasin imajinasi ngegatekeep lesbi gay straight ngubah fakta that she will stay as fictional character pls ngurusin ganyata mending bebenah urus lep anjenggg,"['ikr', 'kaya', 'gaguna', 'woy', 'hoyo', 'ngebebasin', 'imajinasi', 'ngegatekeep', 'lesbi', 'gay', 'straight', 'ngubah', 'fakta', 'that', 'she', 'will', 'stay', 'as', 'fictional', 'character', 'pls', 'ngurusin', 'ganyata', 'mending', 'bebenah', 'urus', 'lep', 'anjenggg']",ikr kaya gaguna woy hoyo ngebebasin imajinasi ngegatekeep lesbi gay straight ngubah fakta that she will stay as fictional character pls ngurusin ganyata mending bebenah urus lep anjenggg,0,Neutral
yang ril lesbi aja masih suka mainin anak orang.,yang ril lesbi aja masih suka mainin anak orang.,yang ril lesbi aja masih suka mainin anak orang,yang ril lesbi saja  masih suka mainin anak orang,yang ril lesbi saja masih suka mainin anak orang,lesbi suka mainin anak orang,lesbi suka mainin anak orang,"['lesbi', 'suka', 'mainin', 'anak', 'orang']",lesbi suka mainin anak orang,-2,Negative
LESBI BGT RAMBUTNYA,lesbi bgt rambutnya,lesbi bgt rambutnya,lesbi sangat  rambutnya,lesbi sangat rambutnya,lesbi rambutnya,lesbi rambut,"['lesbi', 'rambut']",lesbi rambut,0,Neutral
OOMF MAIN GAME LESBI BIN YURI JG OMG,oomf main game lesbi bin yuri jg omg,oomf main game lesbi bin yuri jg omg,oomf main game lesbi bin yuri juga omg,oomf main game lesbi bin yuri juga omg,oomf main game lesbi yuri,oomf main game lesbi yuri,"['oomf', 'main', 'game', 'lesbi', 'yuri']",oomf main game lesbi yuri,4,Positive
"jing, saya g lesbi jing. kan temenan, dia yg salah kok malah baper","jing, saya g lesbi jing. kan temenan, dia yg salah kok malah baper",jing saya g lesbi jing kan temenan dia yg salah kok malah baper,anjing  saya tidak lesbi anjing  kan temenan dia yang  salah kok malah baper,anjing saya tidak lesbi anjing kan temenan dia yang salah kok malah baper,anjing lesbi anjing temenan salah baper,anjing lesbi anjing temenan salah baper,"['anjing', 'lesbi', 'anjing', 'temenan', 'salah', 'baper']",anjing lesbi anjing temenan salah baper,-13,Negative
"hlo cntik, l nya lesbi","hlo cntik, l nya lesbi",hlo cntik l nya lesbi,hlo cntik l nya lesbi,hlo cntik l nya lesbi,hlo cntik lesbi,hlo cntik lesbi,"['hlo', 'cntik', 'lesbi']",hlo cntik lesbi,0,Neutral
"Kalo di kkn dia juga merayu Ayu sih, wow jin lesbi","kalo di kkn dia juga merayu ayu sih, wow jin lesbi",kalo di kkn dia juga merayu ayu sih wow jin lesbi,kalau  di kkn dia juga merayu ayu sih wow jin lesbi,kalau di kkn dia juga merayu ayu sih wow jin lesbi,merayu ayu jin lesbi,rayu ayu jin lesbi,"['rayu', 'ayu', 'jin', 'lesbi']",rayu ayu jin lesbi,-7,Negative
"Ini aku pas jaman sekolah, sekarang udah sadar kalau aku stricly lesbi ","ini aku pas jaman sekolah, sekarang udah sadar kalau aku stricly lesbi",ini aku pas jaman sekolah sekarang udah sadar kalau aku stricly lesbi,ini saya pas jaman sekolah sekarang sudah sadar kalau saya stricly lesbi,ini saya pas jaman sekolah sekarang sudah sadar kalau saya stricly lesbi,jaman sekolah sadar stricly lesbi,jaman sekolah sadar stricly lesbi,"['jaman', 'sekolah', 'sadar', 'stricly', 'lesbi']",jaman sekolah sadar stricly lesbi,3,Positive
otw selbi kah maniez (seleb lesbi),otw selbi kah maniez (seleb lesbi),otw selbi kah maniez seleb lesbi,otw selbi kah maniez seleb lesbi,otw selbi kah maniez seleb lesbi,otw selbi maniez seleb lesbi,otw selbi maniez seleb lesbi,"['otw', 'selbi', 'maniez', 'seleb', 'lesbi']",otw selbi maniez seleb lesbi,0,Neutral
Smaa kek gw nder.. tp gue suka ma cewe di irl cuma 1 cewek aja kadang bingung jga gue ni beneran lesbi apa nggak,smaa kek gw nder.. tp gue suka ma cewe di irl cuma 1 cewek aja kadang bingung jga gue ni beneran lesbi apa nggak,smaa kek gw nder tp gue suka ma cewe di irl cuma cewek aja kadang bingung jga gue ni beneran lesbi apa nggak,smaa kek saya nder tapi saya suka ma cewek  di irl cuma cewek saja  kadang bingung juga saya ini  benar  lesbi apa tidak,smaa seperti; saya nder tapi saya suka ma cewek di irl cuma cewek saja kadang bingung juga saya ini benar lesbi apa tidak,smaa seperti; nder suka cewek irl cewek kadang bingung lesbi,smaa seperti nder suka cewek irl cewek kadang bingung lesbi,"['smaa', 'seperti', 'nder', 'suka', 'cewek', 'irl', 'cewek', 'kadang', 'bingung', 'lesbi']",smaa seperti nder suka cewek irl cewek kadang bingung lesbi,5,Positive
Hiunya lesbi,hiunya lesbi,hiunya lesbi,hiunya lesbi,hiunya lesbi,hiunya lesbi,hiu lesbi,"['hiu', 'lesbi']",hiu lesbi,0,Neutral
"ternyata capek juga bolak balik mana telat tadi mulai nya, tapi gapapa aku bisa melihat demit lesbi ","ternyata capek juga bolak balik mana telat tadi mulai nya, tapi gapapa aku bisa melihat demit lesbi",ternyata capek juga bolak balik mana telat tadi mulai nya tapi gapapa aku bisa melihat demit lesbi,ternyata lelah juga bolak balik mana telat tadi mulai nya tapi tidak apa-apa saya bisa melihat demit lesbi,ternyata lelah juga bolak balik mana telat tadi mulai nya tapi tidak apa-apa saya bisa melihat demit lesbi,lelah bolak telat apa-apa demit lesbi,lelah bolak telat apa demit lesbi,"['lelah', 'bolak', 'telat', 'apa', 'demit', 'lesbi']",lelah bolak telat apa demit lesbi,-4,Negative
kalo lesbi itu mungkin gaada ketertarikan samsek atau bahkan ga sedikit pun picky ke cowo(?) jadi keknya kamu emang bi,kalo lesbi itu mungkin gaada ketertarikan samsek atau bahkan ga sedikit pun picky ke cowo(?) jadi keknya kamu emang bi,kalo lesbi itu mungkin gaada ketertarikan samsek atau bahkan ga sedikit pun picky ke cowo jadi keknya kamu emang bi,kalau  lesbi itu mungkin tidak ada ketertarikan samsek atau bahkan tidak sedikit pun picky ke cowok  jadi sepertinya  kamu memang  bi,kalau lesbi itu mungkin tidak ada ketertarikan samsek atau bahkan tidak sedikit pun picky ke cowok jadi sepertinya kamu memang bi,lesbi ketertarikan samsek picky cowok bi,lesbi tari samsek picky cowok bi,"['lesbi', 'tari', 'samsek', 'picky', 'cowok', 'bi']",lesbi tari samsek picky cowok bi,1,Positive
"Ak kembali ke setelan awal, gambar karakter homo jadi lesbi","ak kembali ke setelan awal, gambar karakter homo jadi lesbi",ak kembali ke setelan awal gambar karakter homo jadi lesbi,saya  kembali ke setelan awal gambar karakter homo jadi lesbi,saya kembali ke setelan awal gambar karakter homo jadi lesbi,setelan gambar karakter homo lesbi,setel gambar karakter homo lesbi,"['setel', 'gambar', 'karakter', 'homo', 'lesbi']",setel gambar karakter homo lesbi,2,Positive
Brrti km jg lesbi yhq….,brrti km jg lesbi yhq….,brrti km jg lesbi yhq,berarti  kamu juga lesbi yhq,berarti kamu juga lesbi yhq,lesbi yhq,lesbi yhq,"['lesbi', 'yhq']",lesbi yhq,0,Neutral
"Orang kalo fomo tuh ke tempat-tempat yang lagi viral, bukan fomo jadi lesbi, jadi begini nih kalo pas lahirnya disetelin kucing lesbian.","orang kalo fomo tuh ke tempat-tempat yang lagi viral, bukan fomo jadi lesbi, jadi begini nih kalo pas lahirnya disetelin kucing lesbian.",orang kalo fomo tuh ke tempattempat yang lagi viral bukan fomo jadi lesbi jadi begini nih kalo pas lahirnya disetelin kucing lesbian,orang kalau  fomo tuh ke tempattempat yang lagi viral bukan fomo jadi lesbi jadi begini nih kalau  pas lahirnya disetelin kucing lesbian,orang kalau fomo tuh ke tempattempat yang lagi viral bukan fomo jadi lesbi jadi begini nih kalau pas lahirnya disetelin kucing lesbian,orang fomo tempattempat viral fomo lesbi lahirnya disetelin kucing lesbian,orang fomo tempattempat viral fomo lesbi lahir tin kucing lesbian,"['orang', 'fomo', 'tempattempat', 'viral', 'fomo', 'lesbi', 'lahir', 'tin', 'kucing', 'lesbian']",orang fomo tempattempat viral fomo lesbi lahir tin kucing lesbian,3,Positive
lagian lesbi banyak gaya,lagian lesbi banyak gaya,lagian lesbi banyak gaya,lagi  lesbi banyak gaya,lagi lesbi banyak gaya,lesbi gaya,lesbi gaya,"['lesbi', 'gaya']",lesbi gaya,0,Neutral
"dia lesbi, bukan caleg","dia lesbi, bukan caleg",dia lesbi bukan caleg,dia lesbi bukan caleg,dia lesbi bukan caleg,lesbi caleg,lesbi caleg,"['lesbi', 'caleg']",lesbi caleg,0,Neutral
aku ajari agar dia menjadi lesbi yang amanah,aku ajari agar dia menjadi lesbi yang amanah,aku ajari agar dia menjadi lesbi yang amanah,saya ajari agar dia menjadi lesbi yang amanah,saya ajari agar dia menjadi lesbi yang amanah,ajari lesbi amanah,ajar lesbi amanah,"['ajar', 'lesbi', 'amanah']",ajar lesbi amanah,6,Positive
"Jadi sebenarnya mau kalian tuh lisa sama siapa sii? Nge lesbi gituu? 
Aneh2 bgtt ngaku fans tapi ga dukung kehidupan dia yang lain","jadi sebenarnya mau kalian tuh lisa sama siapa sii? nge lesbi gituu? 
aneh2 bgtt ngaku fans tapi ga dukung kehidupan dia yang lain",jadi sebenarnya mau kalian tuh lisa sama siapa sii nge lesbi gituu aneh bgtt ngaku fans tapi ga dukung kehidupan dia yang lain,jadi sebenarnya mau kalian tuh lisa sama siapa sii nge lesbi gituu aneh bgtt ngaku fans tapi tidak dukung kehidupan dia yang lain,jadi sebenarnya mau kalian tuh lisa sama siapa sii nge lesbi gituu aneh bgtt ngaku fans tapi tidak dukung kehidupan dia yang lain,lisa sii lesbi gituu aneh bgtt ngaku fans dukung kehidupan,lisa sii lesbi gituu aneh bgtt ngaku fans dukung hidup,"['lisa', 'sii', 'lesbi', 'gituu', 'aneh', 'bgtt', 'ngaku', 'fans', 'dukung', 'hidup']",lisa sii lesbi gituu aneh bgtt ngaku fans dukung hidup,14,Positive
tapi bukan mutualku. mutualku semuanya lesbi alami,tapi bukan mutualku. mutualku semuanya lesbi alami,tapi bukan mutualku mutualku semuanya lesbi alami,tapi bukan mutualku mutualku semuanya lesbi alami,tapi bukan mutualku mutualku semuanya lesbi alami,mutualku mutualku lesbi alami,mutualku mutualku lesbi alami,"['mutualku', 'mutualku', 'lesbi', 'alami']",mutualku mutualku lesbi alami,-3,Negative
"Udah boong jadi lesbi, ujung-ujungnya pacaran sama laki-laki yang juga bikin dosa, orang aneh, queerbaiting tolol.","udah boong jadi lesbi, ujung-ujungnya pacaran sama laki-laki yang juga bikin dosa, orang aneh, queerbaiting tolol.",udah boong jadi lesbi ujungujungnya pacaran sama lakilaki yang juga bikin dosa orang aneh queerbaiting tolol,sudah bohong  jadi lesbi ujungujungnya pacaran sama lakilaki yang juga bikin dosa orang aneh queerbaiting tolol,sudah bohong jadi lesbi ujungujungnya pacaran sama lakilaki yang juga bikin dosa orang aneh queerbaiting tolol,bohong lesbi ujungujungnya pacaran lakilaki bikin dosa orang aneh queerbaiting tolol,bohong lesbi ujungujungnya pacar lakilaki bikin dosa orang aneh queerbaiting tolol,"['bohong', 'lesbi', 'ujungujungnya', 'pacar', 'lakilaki', 'bikin', 'dosa', 'orang', 'aneh', 'queerbaiting', 'tolol']",bohong lesbi ujungujungnya pacar lakilaki bikin dosa orang aneh queerbaiting tolol,-8,Negative
